{"cameraMode":{"drawMode":0,"name":"Shaded","section":"Shading Mode"},"sceneLighting":true,"audioPlay":false,"sceneViewState":{"showFog":true,"showMaterialUpdate":false,"showSkybox":false,"showFlares":true,"showImageEffects":true,"showParticleSystems":true},"in2DMode":false,"pivot":{"x":296.0126037597656,"y":159.0363006591797,"z":-77.25},"rotation":{"x":0.15555787086486817,"y":-0.8210119605064392,"z":0.26561877131462099,"w":0.4808202385902405},"size":365.09393310546877,"orthographic":false}